url,keyword_principal,intencion,keyword_secundaria,urls_competidoras_internas
/,latex a word online,transaccional broad,ecuaciones latex en word,/soluciones/conversor-omml|/blog/latex-a-word-online-gratis-ecuaciones-editables
/soluciones/chatgpt-ecuaciones-a-word,ecuaciones de chatgpt a word,transaccional,convertir respuestas chatgpt a docx,/blog/pasar-ecuaciones-chatgpt-word|/blog/ia-chatgpt-a-word-ejercicios
/soluciones/gemini-ecuaciones-a-word,gemini a word ecuaciones,transaccional,gemini latex a word,/blog/ia-chatgpt-a-word-ejercicios|/blog/pasar-ecuaciones-chatgpt-word
/soluciones/overleaf-latex-documento-a-word,overleaf a word,transaccional,latex documento a word,/blog/overleaf-latex-a-word-ecuaciones-editables|/blog/convertir-documento-latex-word
/soluciones/pandoc-a-word-omml,pandoc a word ecuaciones editables,transaccional,pandoc omml word,/blog/pandoc-ecuaciones-word-no-editables-soluciones|/blog/markdown-con-latex-a-word-docx
/soluciones/conversor-omml,conversor omml,transaccional+informacional,que es omml,/blog/que-es-omml-ecuaciones-word|/blog/omml-vs-mathtype-vs-latex-word-tfg
/blog/latex-a-word-omml-guia-definitiva,latex a word omml guia,informacional,pasar latex a word editable,/|/soluciones/conversor-omml
/blog/pasar-ecuaciones-chatgpt-word,pasar ecuaciones chatgpt a word,informacional,chatgpt latex word,/soluciones/chatgpt-ecuaciones-a-word|/blog/ia-chatgpt-a-word-ejercicios
/blog/overleaf-latex-a-word-ecuaciones-editables,overleaf latex a word ecuaciones editables,informacional,entregar tfg overleaf en word,/soluciones/overleaf-latex-documento-a-word|/blog/convertir-documento-latex-word
/blog/pandoc-ecuaciones-word-no-editables-soluciones,pandoc ecuaciones word no editables,informacional,pandoc omml troubleshooting,/soluciones/pandoc-a-word-omml|/blog/markdown-con-latex-a-word-docx
/blog/que-es-omml-ecuaciones-word,que es omml ecuaciones word,informacional,office math markup language,/soluciones/conversor-omml|/blog/omml-vs-mathtype-vs-latex-word-tfg
